method,error_m
"Fingerprinting (kNN)",6.3108
"Fingerprinting (kNN)",3.1055
"Fingerprinting (kNN)",6.1482
"Fingerprinting (kNN)",4.1270
"Fingerprinting (kNN)",5.1851
"Fingerprinting (kNN)",8.5654
"Fingerprinting (kNN)",9.2034
"Fingerprinting (kNN)",2.9354
"Fingerprinting (kNN)",5.6129
"Fingerprinting (kNN)",1.8130
"Fingerprinting (kNN)",3.7996
"Fingerprinting (kNN)",1.0425
"Fingerprinting (kNN)",0.7639
"Fingerprinting (kNN)",1.9622
"Fingerprinting (kNN)",1.2517
"Fingerprinting (kNN)",4.9697
"Fingerprinting (kNN)",2.3261
"Fingerprinting (kNN)",10.6877
"Fingerprinting (kNN)",4.0309
"Fingerprinting (kNN)",3.0280
"Fingerprinting (kNN)",12.7291
"Fingerprinting (kNN)",5.3233
"Fingerprinting (kNN)",7.0220
"Fingerprinting (kNN)",6.4457
"Fingerprinting (kNN)",5.6311
"Fingerprinting (kNN)",2.2861
"Fingerprinting (kNN)",9.4491
"Fingerprinting (kNN)",0.5528
"Fingerprinting (kNN)",4.8357
"Fingerprinting (kNN)",3.0843
"Fingerprinting (kNN)",1.9634
"Fingerprinting (kNN)",8.5283
"Fingerprinting (kNN)",2.3102
"Fingerprinting (kNN)",1.6470
"Fingerprinting (kNN)",8.4651
"Fingerprinting (kNN)",6.6515
"Fingerprinting (kNN)",17.6692
"Fingerprinting (kNN)",1.7296
"Fingerprinting (kNN)",11.5187
"Fingerprinting (kNN)",8.2151
"Fingerprinting (kNN)",1.7474
"Fingerprinting (kNN)",6.8632
"Fingerprinting (kNN)",2.6368
"Fingerprinting (kNN)",8.3608
"Fingerprinting (kNN)",2.1685
"Fingerprinting (kNN)",11.3678
"Fingerprinting (kNN)",4.0309
"Fingerprinting (kNN)",3.7205
"Fingerprinting (kNN)",6.8615
"Fingerprinting (kNN)",1.5896
"Fingerprinting (kNN)",5.7410
"Fingerprinting (kNN)",2.8136
"Fingerprinting (kNN)",1.8899
"Fingerprinting (kNN)",21.1063
"Fingerprinting (kNN)",3.6358
"Fingerprinting (kNN)",2.4841
"Fingerprinting (kNN)",1.8087
"Fingerprinting (kNN)",7.9556
"Fingerprinting (kNN)",5.0760
"Fingerprinting (kNN)",1.4535
"Fingerprinting (kNN)",2.0535
"Fingerprinting (kNN)",2.7744
"Fingerprinting (kNN)",2.3529
"Fingerprinting (kNN)",3.3535
"Fingerprinting (kNN)",3.7313
"Fingerprinting (kNN)",3.0695
"Fingerprinting (kNN)",1.6694
"Fingerprinting (kNN)",4.9263
"Fingerprinting (kNN)",1.2126
"Fingerprinting (kNN)",9.5661
"Fingerprinting (kNN)",4.0382
"Fingerprinting (kNN)",5.7590
"Fingerprinting (kNN)",1.4804
"Fingerprinting (kNN)",1.6688
"Fingerprinting (kNN)",1.4951
"Fingerprinting (kNN)",5.3070
"Fingerprinting (kNN)",5.2240
"Fingerprinting (kNN)",8.3568
"Fingerprinting (kNN)",3.1755
"Fingerprinting (kNN)",6.5422
"Fingerprinting (kNN)",5.9758
"Fingerprinting (kNN)",15.2272
"Fingerprinting (kNN)",4.1109
"Fingerprinting (kNN)",2.4370
"Fingerprinting (kNN)",9.1010
"Fingerprinting (kNN)",8.7556
"Fingerprinting (kNN)",4.8696
"Fingerprinting (kNN)",2.4640
"Fingerprinting (kNN)",4.5556
"Fingerprinting (kNN)",5.7051
"Fingerprinting (kNN)",3.7211
"Fingerprinting (kNN)",2.7297
"Fingerprinting (kNN)",2.3394
"Fingerprinting (kNN)",0.5169
"Fingerprinting (kNN)",6.0100
"Fingerprinting (kNN)",0.9674
"Fingerprinting (kNN)",0.3309
"Fingerprinting (kNN)",1.0547
"Fingerprinting (kNN)",3.7579
"Fingerprinting (kNN)",41.7582
"Fingerprinting (kNN)",0.8073
"Fingerprinting (kNN)",12.9159
"Fingerprinting (kNN)",8.9057
"Fingerprinting (kNN)",7.7533
"Fingerprinting (kNN)",1.4577
"Fingerprinting (kNN)",2.6450
"Fingerprinting (kNN)",7.9118
"Fingerprinting (kNN)",2.9660
"Fingerprinting (kNN)",3.0919
"Fingerprinting (kNN)",2.1562
"Fingerprinting (kNN)",6.1203
"Fingerprinting (kNN)",10.8309
"Fingerprinting (kNN)",1.8290
"Fingerprinting (kNN)",6.7131
"Fingerprinting (kNN)",1.8555
"Fingerprinting (kNN)",4.8324
"Fingerprinting (kNN)",6.2761
"Fingerprinting (kNN)",3.3960
"Fingerprinting (kNN)",2.3915
"Fingerprinting (kNN)",1.4428
"Fingerprinting (kNN)",4.6899
"Fingerprinting (kNN)",11.5031
"Fingerprinting (kNN)",4.0112
"Fingerprinting (kNN)",43.1933
"Fingerprinting (kNN)",5.0275
"Fingerprinting (kNN)",8.7698
"Fingerprinting (kNN)",2.3248
"Fingerprinting (kNN)",2.7264
"Fingerprinting (kNN)",2.2503
"Fingerprinting (kNN)",1.9224
"Fingerprinting (kNN)",6.5128
"Fingerprinting (kNN)",5.1182
"Fingerprinting (kNN)",0.9196
"Fingerprinting (kNN)",4.4910
"Fingerprinting (kNN)",8.6063
"Fingerprinting (kNN)",4.2061
"Fingerprinting (kNN)",8.4400
"Fingerprinting (kNN)",2.6167
"Fingerprinting (kNN)",0.5167
"Fingerprinting (kNN)",22.4259
"Fingerprinting (kNN)",9.3538
"Fingerprinting (kNN)",8.7430
"Fingerprinting (kNN)",4.4521
"Fingerprinting (kNN)",2.0139
"Fingerprinting (kNN)",3.9001
"Fingerprinting (kNN)",7.9755
"Fingerprinting (kNN)",0.4643
"Fingerprinting (kNN)",4.9127
"Fingerprinting (kNN)",7.4917
"Fingerprinting (kNN)",2.1610
"Fingerprinting (kNN)",8.4793
"Fingerprinting (kNN)",4.0548
"Fingerprinting (kNN)",2.6860
"Fingerprinting (kNN)",4.1909
"Fingerprinting (kNN)",1.3697
"Fingerprinting (kNN)",2.0851
"Fingerprinting (kNN)",9.7518
"Fingerprinting (kNN)",1.4141
"Fingerprinting (kNN)",6.6675
"Fingerprinting (kNN)",3.7907
"Fingerprinting (kNN)",6.5389
"Fingerprinting (kNN)",4.6787
"Fingerprinting (kNN)",7.1362
"Fingerprinting (kNN)",3.3855
"Fingerprinting (kNN)",2.9463
"Fingerprinting (kNN)",2.0599
"Fingerprinting (kNN)",6.8130
"Fingerprinting (kNN)",13.1640
"Fingerprinting (kNN)",1.4469
"Fingerprinting (kNN)",0.3167
"Fingerprinting (kNN)",3.9469
"Fingerprinting (kNN)",8.7102
"Fingerprinting (kNN)",2.1887
"Fingerprinting (kNN)",5.7223
"Fingerprinting (kNN)",3.5220
"Fingerprinting (kNN)",3.8168
"Fingerprinting (kNN)",14.9022
"Fingerprinting (kNN)",6.2453
"Fingerprinting (kNN)",3.2672
"Fingerprinting (kNN)",4.7283
"Fingerprinting (kNN)",1.9778
"Fingerprinting (kNN)",5.9543
"Fingerprinting (kNN)",6.0493
"Fingerprinting (kNN)",2.4473
"Fingerprinting (kNN)",1.7837
"Fingerprinting (kNN)",6.3491
"Fingerprinting (kNN)",0.9601
"Fingerprinting (kNN)",2.2870
"Fingerprinting (kNN)",8.2394
"Fingerprinting (kNN)",2.5772
"Fingerprinting (kNN)",5.8225
"Fingerprinting (kNN)",1.3933
"Fingerprinting (kNN)",2.3165
"Fingerprinting (kNN)",2.9517
"Fingerprinting (kNN)",1.9215
"Fingerprinting (kNN)",1.6229
"Fingerprinting (kNN)",1.8510
"Fingerprinting (kNN)",5.8460
"Fingerprinting (kNN)",1.7199
"Fingerprinting (kNN)",6.8598
"Fingerprinting (kNN)",4.7610
"Fingerprinting (kNN)",1.7893
"Fingerprinting (kNN)",2.9016
"Fingerprinting (kNN)",1.7013
"Fingerprinting (kNN)",0.9769
"Fingerprinting (kNN)",18.4265
"Fingerprinting (kNN)",6.6859
"Fingerprinting (kNN)",7.3533
"Fingerprinting (kNN)",4.4827
"Fingerprinting (kNN)",1.5756
"Fingerprinting (kNN)",2.8608
"Fingerprinting (kNN)",3.0568
"Fingerprinting (kNN)",8.6830
"Fingerprinting (kNN)",5.0849
"Fingerprinting (kNN)",1.6876
"Fingerprinting (kNN)",1.3543
"Fingerprinting (kNN)",1.6312
"Fingerprinting (kNN)",3.6487
"Fingerprinting (kNN)",3.7382
"Fingerprinting (kNN)",16.3854
"Fingerprinting (kNN)",4.2479
"Fingerprinting (kNN)",4.2806
"Fingerprinting (kNN)",2.6792
"Fingerprinting (kNN)",1.7017
"Fingerprinting (kNN)",12.9068
"Fingerprinting (kNN)",18.7756
"Fingerprinting (kNN)",1.6509
"Fingerprinting (kNN)",3.7176
"Fingerprinting (kNN)",2.2136
"Fingerprinting (kNN)",5.1242
"Fingerprinting (kNN)",6.3172
"Fingerprinting (kNN)",3.6185
"Fingerprinting (kNN)",7.3682
"Fingerprinting (kNN)",2.1718
"Fingerprinting (kNN)",1.6969
"Fingerprinting (kNN)",3.3116
"Fingerprinting (kNN)",5.9759
"Fingerprinting (kNN)",1.9612
"Fingerprinting (kNN)",2.9696
"Fingerprinting (kNN)",5.1213
"Fingerprinting (kNN)",0.5469
"Fingerprinting (kNN)",0.8554
"Fingerprinting (kNN)",3.1703
"Fingerprinting (kNN)",0.5637
"Fingerprinting (kNN)",3.5437
"Fingerprinting (kNN)",1.3987
"Fingerprinting (kNN)",1.2820
"Fingerprinting (kNN)",36.2946
"Fingerprinting (kNN)",5.2368
"Fingerprinting (kNN)",1.1509
"Fingerprinting (kNN)",4.1720
"Fingerprinting (kNN)",23.7561
"Fingerprinting (kNN)",5.6335
"Fingerprinting (kNN)",4.0770
"Fingerprinting (kNN)",0.7590
"Fingerprinting (kNN)",2.9906
"Fingerprinting (kNN)",11.3148
"Fingerprinting (kNN)",9.2626
"Fingerprinting (kNN)",9.0798
"Fingerprinting (kNN)",2.0066
"Fingerprinting (kNN)",2.6755
"Fingerprinting (kNN)",2.2838
"Fingerprinting (kNN)",3.0153
"Fingerprinting (kNN)",5.9325
"Fingerprinting (kNN)",2.9907
"Fingerprinting (kNN)",3.0851
"Fingerprinting (kNN)",1.3088
"Fingerprinting (kNN)",1.3917
"Fingerprinting (kNN)",1.3914
"Fingerprinting (kNN)",2.5303
"Fingerprinting (kNN)",5.5649
"Fingerprinting (kNN)",15.7728
"Fingerprinting (kNN)",3.4198
"Fingerprinting (kNN)",2.4271
"Fingerprinting (kNN)",0.6549
"Fingerprinting (kNN)",3.9623
"Fingerprinting (kNN)",1.1390
"Fingerprinting (kNN)",11.9779
"Fingerprinting (kNN)",5.6550
"Fingerprinting (kNN)",4.3344
"Fingerprinting (kNN)",15.8438
"Fingerprinting (kNN)",0.8400
"Fingerprinting (kNN)",5.6693
"Fingerprinting (kNN)",5.1910
"Fingerprinting (kNN)",11.8123
"Fingerprinting (kNN)",2.7841
"Fingerprinting (kNN)",11.7253
"Fingerprinting (kNN)",2.3059
"Fingerprinting (kNN)",18.9342
"Fingerprinting (kNN)",2.7620
"Fingerprinting (kNN)",4.9368
"Fingerprinting (kNN)",1.2065
"Fingerprinting (kNN)",1.9122
"Fingerprinting (kNN)",6.3468
"Fingerprinting (kNN)",3.0523
"Fingerprinting (kNN)",4.7942
"Fingerprinting (kNN)",2.5009
"Fingerprinting (kNN)",18.6812
"Fingerprinting (kNN)",6.3664
"Fingerprinting (kNN)",1.1994
"Fingerprinting (kNN)",13.3612
"Fingerprinting (kNN)",2.7215
"Fingerprinting (kNN)",7.7062
"Fingerprinting (kNN)",5.2939
"Fingerprinting (kNN)",9.1918
"Fingerprinting (kNN)",4.6628
"Fingerprinting (kNN)",1.3260
"Fingerprinting (kNN)",1.2048
"Fingerprinting (kNN)",14.9062
"Fingerprinting (kNN)",1.2117
"Fingerprinting (kNN)",12.9048
"Fingerprinting (kNN)",3.6604
"Fingerprinting (kNN)",3.4143
"Fingerprinting (kNN)",9.5714
"Fingerprinting (kNN)",3.8834
"Fingerprinting (kNN)",7.5825
"Fingerprinting (kNN)",0.8803
"Fingerprinting (kNN)",2.0312
"Fingerprinting (kNN)",1.7428
"Fingerprinting (kNN)",5.2466
"Fingerprinting (kNN)",10.5764
"Fingerprinting (kNN)",7.5768
"Fingerprinting (kNN)",0.8984
"Fingerprinting (kNN)",3.1128
"Fingerprinting (kNN)",6.6490
"Fingerprinting (kNN)",3.4260
"Fingerprinting (kNN)",1.4438
"Fingerprinting (kNN)",8.8435
"Fingerprinting (kNN)",1.8896
"Fingerprinting (kNN)",7.0977
"Fingerprinting (kNN)",2.3291
"Fingerprinting (kNN)",2.5590
"Fingerprinting (kNN)",1.3077
"Fingerprinting (kNN)",2.4079
"Fingerprinting (kNN)",2.3703
"Fingerprinting (kNN)",1.5581
"Fingerprinting (kNN)",2.1773
"Fingerprinting (kNN)",6.9509
"Fingerprinting (kNN)",1.6226
"Fingerprinting (kNN)",4.9409
"Fingerprinting (kNN)",3.6386
"Fingerprinting (kNN)",9.6422
"Fingerprinting (kNN)",8.4031
"Fingerprinting (kNN)",11.8010
"Fingerprinting (kNN)",7.6839
"Fingerprinting (kNN)",0.2478
"Fingerprinting (kNN)",0.6200
"Fingerprinting (kNN)",1.2898
"Fingerprinting (kNN)",3.5661
"Fingerprinting (kNN)",3.0560
"Fingerprinting (kNN)",0.7464
"Fingerprinting (kNN)",10.3720
"Fingerprinting (kNN)",2.5460
"Fingerprinting (kNN)",8.4810
"Fingerprinting (kNN)",2.3818
"Fingerprinting (kNN)",6.4266
"Fingerprinting (kNN)",2.7711
"Fingerprinting (kNN)",16.1353
"Fingerprinting (kNN)",2.8852
"Fingerprinting (kNN)",4.0717
"Fingerprinting (kNN)",5.5301
"Fingerprinting (kNN)",10.7618
"Fingerprinting (kNN)",4.2992
"Fingerprinting (kNN)",3.6927
"Fingerprinting (kNN)",2.1433
"Fingerprinting (kNN)",6.3116
"Fingerprinting (kNN)",2.2735
"Fingerprinting (kNN)",4.5547
"Fingerprinting (kNN)",2.0072
"Fingerprinting (kNN)",2.0263
"Fingerprinting (kNN)",2.4633
"Fingerprinting (kNN)",0.0405
"Fingerprinting (kNN)",0.3298
"Fingerprinting (kNN)",4.2853
"Fingerprinting (kNN)",5.0958
"Fingerprinting (kNN)",2.8913
"Fingerprinting (kNN)",0.2950
"Fingerprinting (kNN)",4.8616
"Fingerprinting (kNN)",3.2986
"Fingerprinting (kNN)",4.6749
"Fingerprinting (kNN)",2.3224
"Fingerprinting (kNN)",8.4024
"Fingerprinting (kNN)",7.3335
"Fingerprinting (kNN)",4.0818
"Fingerprinting (kNN)",3.0341
"Fingerprinting (kNN)",1.4826
"Fingerprinting (kNN)",6.9888
"Fingerprinting (kNN)",9.8495
"Fingerprinting (kNN)",0.5424
"Fingerprinting (kNN)",3.9039
"Fingerprinting (kNN)",3.6537
"Fingerprinting (kNN)",8.6668
"Fingerprinting (kNN)",20.2767
"Fingerprinting (kNN)",4.7173
"Fingerprinting (kNN)",4.4858
"Fingerprinting (kNN)",1.6312
"Fingerprinting (kNN)",3.0804
"Fingerprinting (kNN)",5.0669
"Fingerprinting (kNN)",0.7374
"Fingerprinting (kNN)",4.8327
"Fingerprinting (kNN)",3.4683
"Fingerprinting (kNN)",1.9891
"Fingerprinting (kNN)",0.0817
"Fingerprinting (kNN)",63.7153
"Fingerprinting (kNN)",5.6608
"Fingerprinting (kNN)",0.3422
"Fingerprinting (kNN)",8.6843
"Fingerprinting (kNN)",6.2043
"Fingerprinting (kNN)",1.6272
"Fingerprinting (kNN)",10.9678
"Fingerprinting (kNN)",5.1602
"Fingerprinting (kNN)",1.7805
"Fingerprinting (kNN)",6.6331
"Fingerprinting (kNN)",5.6943
"Fingerprinting (kNN)",4.6341
"Fingerprinting (kNN)",4.8176
"Fingerprinting (kNN)",2.7432
"Fingerprinting (kNN)",6.8971
"Fingerprinting (kNN)",9.2794
"Fingerprinting (kNN)",9.4021
"Fingerprinting (kNN)",2.8292
"Fingerprinting (kNN)",3.0637
"Fingerprinting (kNN)",2.8856
"Fingerprinting (kNN)",4.6877
"Fingerprinting (kNN)",3.8180
"Fingerprinting (kNN)",1.6520
"Fingerprinting (kNN)",1.3778
"Fingerprinting (kNN)",6.3868
"Fingerprinting (kNN)",0.4614
"Fingerprinting (kNN)",10.5992
"Fingerprinting (kNN)",5.1008
"Fingerprinting (kNN)",5.8805
"Fingerprinting (kNN)",0.6088
"Fingerprinting (kNN)",7.9000
"Fingerprinting (kNN)",2.5876
"Fingerprinting (kNN)",3.1897
"Fingerprinting (kNN)",2.4294
"Fingerprinting (kNN)",3.1227
"Fingerprinting (kNN)",4.8448
"Fingerprinting (kNN)",1.6435
"Fingerprinting (kNN)",4.5601
"Fingerprinting (kNN)",1.0652
"Fingerprinting (kNN)",20.1924
"Fingerprinting (kNN)",1.8361
"Fingerprinting (kNN)",4.0230
"Fingerprinting (kNN)",1.9288
"Fingerprinting (kNN)",5.3787
"Fingerprinting (kNN)",1.2733
"Fingerprinting (kNN)",0.7995
"Fingerprinting (kNN)",8.4160
"Fingerprinting (kNN)",8.8042
"Fingerprinting (kNN)",94.9326
"Fingerprinting (kNN)",3.8697
"Fingerprinting (kNN)",5.7334
"Fingerprinting (kNN)",1.6647
"Fingerprinting (kNN)",5.1348
"Fingerprinting (kNN)",8.6026
"Fingerprinting (kNN)",4.3212
"Fingerprinting (kNN)",15.8083
"Fingerprinting (kNN)",9.3668
"Fingerprinting (kNN)",2.7542
"Fingerprinting (kNN)",4.6305
"Fingerprinting (kNN)",1.2863
"Fingerprinting (kNN)",7.9590
"Fingerprinting (kNN)",1.2849
"Fingerprinting (kNN)",1.7100
"Fingerprinting (kNN)",4.8589
"Fingerprinting (kNN)",8.4416
"Fingerprinting (kNN)",4.2997
"Fingerprinting (kNN)",1.0371
"Fingerprinting (kNN)",2.4797
"Fingerprinting (kNN)",10.9292
"Fingerprinting (kNN)",3.5170
"Fingerprinting (kNN)",5.8802
"Fingerprinting (kNN)",9.1202
"Fingerprinting (kNN)",2.6568
"Fingerprinting (kNN)",1.2263
"Fingerprinting (kNN)",2.0692
"Fingerprinting (kNN)",2.4677
"Fingerprinting (kNN)",5.9921
"Fingerprinting (kNN)",2.9239
"Fingerprinting (kNN)",11.3746
"Fingerprinting (kNN)",2.1349
"Fingerprinting (kNN)",1.0553
"Fingerprinting (kNN)",0.3863
"Fingerprinting (kNN)",2.8990
"Fingerprinting (kNN)",4.8434
"Fingerprinting (kNN)",5.5511
"Fingerprinting (kNN)",3.8195
"Fingerprinting (kNN)",3.1105
"Fingerprinting (kNN)",2.9190
"Fingerprinting (kNN)",2.4425
"Fingerprinting (kNN)",6.6011
"Fingerprinting (kNN)",3.3104
"Fingerprinting (kNN)",3.7085
"Fingerprinting (kNN)",4.1048
"Fingerprinting (kNN)",10.3143
"Fingerprinting (kNN)",29.3934
"Fingerprinting (kNN)",1.7025
"Fingerprinting (kNN)",1.3109
"Fingerprinting (kNN)",37.1116
"Fingerprinting (kNN)",1.3543
"Fingerprinting (kNN)",6.6181
"Fingerprinting (kNN)",3.5958
"Fingerprinting (kNN)",0.6428
"Fingerprinting (kNN)",2.8255
"Fingerprinting (kNN)",2.8801
"Fingerprinting (kNN)",2.6943
"Fingerprinting (kNN)",3.8770
"Fingerprinting (kNN)",0.7489
"Fingerprinting (kNN)",1.5190
"Fingerprinting (kNN)",2.4291
"Fingerprinting (kNN)",3.3114
"Fingerprinting (kNN)",2.2421
"Fingerprinting (kNN)",1.9965
"Fingerprinting (kNN)",4.5008
"Fingerprinting (kNN)",5.9079
"Fingerprinting (kNN)",1.5871
"Fingerprinting (kNN)",1.2000
"Fingerprinting (kNN)",1.4484
"Fingerprinting (kNN)",3.3582
"Fingerprinting (kNN)",0.7270
"Fingerprinting (kNN)",10.5956
"Fingerprinting (kNN)",4.9374
"Fingerprinting (kNN)",6.8626
"Fingerprinting (kNN)",24.2938
"Fingerprinting (kNN)",2.0544
"Fingerprinting (kNN)",6.0983
"Fingerprinting (kNN)",0.5322
"Fingerprinting (kNN)",27.6205
"Fingerprinting (kNN)",8.5449
"Fingerprinting (kNN)",3.7248
"Fingerprinting (kNN)",4.2348
"Fingerprinting (kNN)",4.0076
"Fingerprinting (kNN)",1.9788
"Fingerprinting (kNN)",13.5856
"Fingerprinting (kNN)",5.5225
"Fingerprinting (kNN)",5.2010
"Fingerprinting (kNN)",10.2649
"Fingerprinting (kNN)",1.6400
"Fingerprinting (kNN)",2.8884
"Fingerprinting (kNN)",3.2138
"Fingerprinting (kNN)",6.0342
"Fingerprinting (kNN)",3.3393
"Fingerprinting (kNN)",3.3486
"Fingerprinting (kNN)",2.9823
"Fingerprinting (kNN)",5.1813
"Fingerprinting (kNN)",2.1860
"Fingerprinting (kNN)",4.2223
"Fingerprinting (kNN)",6.0181
"Fingerprinting (kNN)",1.3656
"Fingerprinting (kNN)",2.5095
"Fingerprinting (kNN)",3.7933
"Fingerprinting (kNN)",3.2837
"Fingerprinting (kNN)",7.1059
"Fingerprinting (kNN)",6.1454
"Fingerprinting (kNN)",1.3537
"Fingerprinting (kNN)",3.5820
"Fingerprinting (kNN)",16.4238
"Fingerprinting (kNN)",3.6084
"Fingerprinting (kNN)",3.6800
"Fingerprinting (kNN)",2.9036
"Fingerprinting (kNN)",1.3041
"Fingerprinting (kNN)",11.7769
"Fingerprinting (kNN)",2.6463
"Fingerprinting (kNN)",3.1176
"Fingerprinting (kNN)",3.5167
"Fingerprinting (kNN)",18.6494
"Fingerprinting (kNN)",3.4136
"Fingerprinting (kNN)",0.5307
"Fingerprinting (kNN)",1.1446
"Fingerprinting (kNN)",7.9382
"Fingerprinting (kNN)",3.6911
"Fingerprinting (kNN)",2.0438
"Fingerprinting (kNN)",2.6492
"Fingerprinting (kNN)",7.0912
"Fingerprinting (kNN)",1.1957
"Fingerprinting (kNN)",9.8272
"Fingerprinting (kNN)",3.8286
"Fingerprinting (kNN)",12.8355
"Fingerprinting (kNN)",4.0991
"Fingerprinting (kNN)",2.5278
"Fingerprinting (kNN)",15.0708
"Fingerprinting (kNN)",4.4694
"Fingerprinting (kNN)",6.1317
"Fingerprinting (kNN)",8.4246
"Fingerprinting (kNN)",3.2900
"Fingerprinting (kNN)",8.4784
"Fingerprinting (kNN)",1.1492
"Fingerprinting (kNN)",4.5636
"Fingerprinting (kNN)",5.7916
"Fingerprinting (kNN)",2.4894
"Fingerprinting (kNN)",2.2673
"Fingerprinting (kNN)",2.2097
"Fingerprinting (kNN)",5.1550
"Fingerprinting (kNN)",7.1704
"Fingerprinting (kNN)",1.5481
"Fingerprinting (kNN)",6.1449
"Fingerprinting (kNN)",5.0604
"Fingerprinting (kNN)",3.1876
"TDoA, $\geq$3 arrays (76\% of terminals)",3.5007
"TDoA, $\geq$3 arrays (76\% of terminals)",0.1405
"TDoA, $\geq$3 arrays (76\% of terminals)",1.1337
"TDoA, $\geq$3 arrays (76\% of terminals)",0.1008
"TDoA, $\geq$3 arrays (76\% of terminals)",0.1322
"TDoA, $\geq$3 arrays (76\% of terminals)",0.5886
"TDoA, $\geq$3 arrays (76\% of terminals)",15.2249
"TDoA, $\geq$3 arrays (76\% of terminals)",0.3001
"TDoA, $\geq$3 arrays (76\% of terminals)",0.0089
"TDoA, $\geq$3 arrays (76\% of terminals)",1.3911
"TDoA, $\geq$3 arrays (76\% of terminals)",5386740468474599424.0000
"TDoA, $\geq$3 arrays (76\% of terminals)",0.1087
"TDoA, $\geq$3 arrays (76\% of terminals)",0.3073
"TDoA, $\geq$3 arrays (76\% of terminals)",5501967835603920896.0000
"TDoA, $\geq$3 arrays (76\% of terminals)",0.1180
"TDoA, $\geq$3 arrays (76\% of terminals)",0.1085
"TDoA, $\geq$3 arrays (76\% of terminals)",0.2996
"TDoA, $\geq$3 arrays (76\% of terminals)",0.5469
"TDoA, $\geq$3 arrays (76\% of terminals)",0.1906
"TDoA, $\geq$3 arrays (76\% of terminals)",0.2623
"TDoA, $\geq$3 arrays (76\% of terminals)",0.1850
"TDoA, $\geq$3 arrays (76\% of terminals)",0.0989
"TDoA, $\geq$3 arrays (76\% of terminals)",6772228653393672192.0000
"TDoA, $\geq$3 arrays (76\% of terminals)",0.3882
"TDoA, $\geq$3 arrays (76\% of terminals)",0.1882
"TDoA, $\geq$3 arrays (76\% of terminals)",0.1683
"TDoA, $\geq$3 arrays (76\% of terminals)",4786497031221092352.0000
"TDoA, $\geq$3 arrays (76\% of terminals)",25.5561
"TDoA, $\geq$3 arrays (76\% of terminals)",0.0492
"TDoA, $\geq$3 arrays (76\% of terminals)",7131219573997112320.0000
"TDoA, $\geq$3 arrays (76\% of terminals)",0.8812
"TDoA, $\geq$3 arrays (76\% of terminals)",0.0829
"TDoA, $\geq$3 arrays (76\% of terminals)",0.1723
"TDoA, $\geq$3 arrays (76\% of terminals)",0.1282
"TDoA, $\geq$3 arrays (76\% of terminals)",0.3496
"TDoA, $\geq$3 arrays (76\% of terminals)",0.4876
"TDoA, $\geq$3 arrays (76\% of terminals)",1.8900
"TDoA, $\geq$3 arrays (76\% of terminals)",0.6464
"TDoA, $\geq$3 arrays (76\% of terminals)",2.7235
"TDoA, $\geq$3 arrays (76\% of terminals)",0.2864
"TDoA, $\geq$3 arrays (76\% of terminals)",0.1818
"TDoA, $\geq$3 arrays (76\% of terminals)",0.6596
"TDoA, $\geq$3 arrays (76\% of terminals)",0.1933
"TDoA, $\geq$3 arrays (76\% of terminals)",1.8966
"TDoA, $\geq$3 arrays (76\% of terminals)",0.1210
"TDoA, $\geq$3 arrays (76\% of terminals)",0.3066
"TDoA, $\geq$3 arrays (76\% of terminals)",2617486367376695296.0000
"TDoA, $\geq$3 arrays (76\% of terminals)",0.0075
"TDoA, $\geq$3 arrays (76\% of terminals)",0.1446
"TDoA, $\geq$3 arrays (76\% of terminals)",0.2055
"TDoA, $\geq$3 arrays (76\% of terminals)",0.1814
"TDoA, $\geq$3 arrays (76\% of terminals)",0.0726
"TDoA, $\geq$3 arrays (76\% of terminals)",0.0201
"TDoA, $\geq$3 arrays (76\% of terminals)",0.0787
"TDoA, $\geq$3 arrays (76\% of terminals)",1.0141
"TDoA, $\geq$3 arrays (76\% of terminals)",0.1401
"TDoA, $\geq$3 arrays (76\% of terminals)",758983153080137728.0000
"TDoA, $\geq$3 arrays (76\% of terminals)",0.1755
"TDoA, $\geq$3 arrays (76\% of terminals)",0.6106
"TDoA, $\geq$3 arrays (76\% of terminals)",0.2776
"TDoA, $\geq$3 arrays (76\% of terminals)",0.2072
"TDoA, $\geq$3 arrays (76\% of terminals)",2120197432561885440.0000
"TDoA, $\geq$3 arrays (76\% of terminals)",0.4647
"TDoA, $\geq$3 arrays (76\% of terminals)",6.5591
"TDoA, $\geq$3 arrays (76\% of terminals)",0.5453
"TDoA, $\geq$3 arrays (76\% of terminals)",0.1797
"TDoA, $\geq$3 arrays (76\% of terminals)",0.2337
"TDoA, $\geq$3 arrays (76\% of terminals)",2154142597026679808.0000
"TDoA, $\geq$3 arrays (76\% of terminals)",0.1438
"TDoA, $\geq$3 arrays (76\% of terminals)",0.2244
"TDoA, $\geq$3 arrays (76\% of terminals)",3875681922450573312.0000
"TDoA, $\geq$3 arrays (76\% of terminals)",0.2428
"TDoA, $\geq$3 arrays (76\% of terminals)",8325646217479799808.0000
"TDoA, $\geq$3 arrays (76\% of terminals)",0.3118
"TDoA, $\geq$3 arrays (76\% of terminals)",27.1665
"TDoA, $\geq$3 arrays (76\% of terminals)",0.6864
"TDoA, $\geq$3 arrays (76\% of terminals)",0.0912
"TDoA, $\geq$3 arrays (76\% of terminals)",0.2276
"TDoA, $\geq$3 arrays (76\% of terminals)",0.0405
"TDoA, $\geq$3 arrays (76\% of terminals)",0.3624
"TDoA, $\geq$3 arrays (76\% of terminals)",0.1660
"TDoA, $\geq$3 arrays (76\% of terminals)",0.3875
"TDoA, $\geq$3 arrays (76\% of terminals)",0.1740
"TDoA, $\geq$3 arrays (76\% of terminals)",1.4534
"TDoA, $\geq$3 arrays (76\% of terminals)",11.9953
"TDoA, $\geq$3 arrays (76\% of terminals)",1.7571
"TDoA, $\geq$3 arrays (76\% of terminals)",0.1217
"TDoA, $\geq$3 arrays (76\% of terminals)",0.4165
"TDoA, $\geq$3 arrays (76\% of terminals)",1.2414
"TDoA, $\geq$3 arrays (76\% of terminals)",157.3208
"TDoA, $\geq$3 arrays (76\% of terminals)",2.5545
"TDoA, $\geq$3 arrays (76\% of terminals)",0.6164
"TDoA, $\geq$3 arrays (76\% of terminals)",0.8269
"TDoA, $\geq$3 arrays (76\% of terminals)",0.1434
"TDoA, $\geq$3 arrays (76\% of terminals)",0.1928
"TDoA, $\geq$3 arrays (76\% of terminals)",0.8523
"TDoA, $\geq$3 arrays (76\% of terminals)",0.6939
"TDoA, $\geq$3 arrays (76\% of terminals)",0.4316
"TDoA, $\geq$3 arrays (76\% of terminals)",0.1928
"TDoA, $\geq$3 arrays (76\% of terminals)",11980152469181065216.0000
"TDoA, $\geq$3 arrays (76\% of terminals)",0.0851
"TDoA, $\geq$3 arrays (76\% of terminals)",0.2984
"TDoA, $\geq$3 arrays (76\% of terminals)",23.3175
"TDoA, $\geq$3 arrays (76\% of terminals)",0.8719
"TDoA, $\geq$3 arrays (76\% of terminals)",2617486367376695296.0000
"TDoA, $\geq$3 arrays (76\% of terminals)",0.1556
"TDoA, $\geq$3 arrays (76\% of terminals)",0.2091
"TDoA, $\geq$3 arrays (76\% of terminals)",0.2933
"TDoA, $\geq$3 arrays (76\% of terminals)",0.1013
"TDoA, $\geq$3 arrays (76\% of terminals)",0.4032
"TDoA, $\geq$3 arrays (76\% of terminals)",100.5812
"TDoA, $\geq$3 arrays (76\% of terminals)",0.1514
"TDoA, $\geq$3 arrays (76\% of terminals)",2.3049
"TDoA, $\geq$3 arrays (76\% of terminals)",0.6464
"TDoA, $\geq$3 arrays (76\% of terminals)",0.1213
"TDoA, $\geq$3 arrays (76\% of terminals)",0.8564
"TDoA, $\geq$3 arrays (76\% of terminals)",0.3003
"TDoA, $\geq$3 arrays (76\% of terminals)",0.8172
"TDoA, $\geq$3 arrays (76\% of terminals)",0.6290
"TDoA, $\geq$3 arrays (76\% of terminals)",2982112607855581696.0000
"TDoA, $\geq$3 arrays (76\% of terminals)",3.2201
"TDoA, $\geq$3 arrays (76\% of terminals)",0.1941
"TDoA, $\geq$3 arrays (76\% of terminals)",0.1586
"TDoA, $\geq$3 arrays (76\% of terminals)",0.3876
"TDoA, $\geq$3 arrays (76\% of terminals)",0.3678
"TDoA, $\geq$3 arrays (76\% of terminals)",0.3707
"TDoA, $\geq$3 arrays (76\% of terminals)",0.4892
"TDoA, $\geq$3 arrays (76\% of terminals)",0.6187
"TDoA, $\geq$3 arrays (76\% of terminals)",1.3914
"TDoA, $\geq$3 arrays (76\% of terminals)",0.0982
"TDoA, $\geq$3 arrays (76\% of terminals)",0.0579
"TDoA, $\geq$3 arrays (76\% of terminals)",0.3142
"TDoA, $\geq$3 arrays (76\% of terminals)",0.1763
"TDoA, $\geq$3 arrays (76\% of terminals)",21.2047
"TDoA, $\geq$3 arrays (76\% of terminals)",7.2629
"TDoA, $\geq$3 arrays (76\% of terminals)",26204559015971024896.0000
"TDoA, $\geq$3 arrays (76\% of terminals)",4.9550
"TDoA, $\geq$3 arrays (76\% of terminals)",4279105217465268736.0000
"TDoA, $\geq$3 arrays (76\% of terminals)",0.2625
"TDoA, $\geq$3 arrays (76\% of terminals)",0.1146
"TDoA, $\geq$3 arrays (76\% of terminals)",0.3580
"TDoA, $\geq$3 arrays (76\% of terminals)",0.0855
"TDoA, $\geq$3 arrays (76\% of terminals)",0.4068
"TDoA, $\geq$3 arrays (76\% of terminals)",758983153080137728.0000
"TDoA, $\geq$3 arrays (76\% of terminals)",0.0694
"TDoA, $\geq$3 arrays (76\% of terminals)",0.1562
"TDoA, $\geq$3 arrays (76\% of terminals)",0.4445
"TDoA, $\geq$3 arrays (76\% of terminals)",0.4569
"TDoA, $\geq$3 arrays (76\% of terminals)",0.1901
"TDoA, $\geq$3 arrays (76\% of terminals)",0.0817
"TDoA, $\geq$3 arrays (76\% of terminals)",0.0482
"TDoA, $\geq$3 arrays (76\% of terminals)",0.4444
"TDoA, $\geq$3 arrays (76\% of terminals)",0.1886
"TDoA, $\geq$3 arrays (76\% of terminals)",0.8386
"TDoA, $\geq$3 arrays (76\% of terminals)",0.1526
"TDoA, $\geq$3 arrays (76\% of terminals)",0.1216
"TDoA, $\geq$3 arrays (76\% of terminals)",0.2554
"TDoA, $\geq$3 arrays (76\% of terminals)",0.0676
"TDoA, $\geq$3 arrays (76\% of terminals)",0.0994
"TDoA, $\geq$3 arrays (76\% of terminals)",0.2358
"TDoA, $\geq$3 arrays (76\% of terminals)",1.9654
"TDoA, $\geq$3 arrays (76\% of terminals)",0.3185
"TDoA, $\geq$3 arrays (76\% of terminals)",0.0679
"TDoA, $\geq$3 arrays (76\% of terminals)",1.8583
"TDoA, $\geq$3 arrays (76\% of terminals)",1.7004
"TDoA, $\geq$3 arrays (76\% of terminals)",1980728234873731584.0000
"TDoA, $\geq$3 arrays (76\% of terminals)",0.0536
"TDoA, $\geq$3 arrays (76\% of terminals)",2972292410762917376.0000
"TDoA, $\geq$3 arrays (76\% of terminals)",0.2523
"TDoA, $\geq$3 arrays (76\% of terminals)",0.2757
"TDoA, $\geq$3 arrays (76\% of terminals)",0.2573
"TDoA, $\geq$3 arrays (76\% of terminals)",0.0732
"TDoA, $\geq$3 arrays (76\% of terminals)",0.1924
"TDoA, $\geq$3 arrays (76\% of terminals)",2569710580414923264.0000
"TDoA, $\geq$3 arrays (76\% of terminals)",30.2493
"TDoA, $\geq$3 arrays (76\% of terminals)",49.7453
"TDoA, $\geq$3 arrays (76\% of terminals)",0.2280
"TDoA, $\geq$3 arrays (76\% of terminals)",0.3789
"TDoA, $\geq$3 arrays (76\% of terminals)",0.0410
"TDoA, $\geq$3 arrays (76\% of terminals)",7060347221816664064.0000
"TDoA, $\geq$3 arrays (76\% of terminals)",0.1700
"TDoA, $\geq$3 arrays (76\% of terminals)",0.0906
"TDoA, $\geq$3 arrays (76\% of terminals)",1.3209
"TDoA, $\geq$3 arrays (76\% of terminals)",0.0834
"TDoA, $\geq$3 arrays (76\% of terminals)",0.2681
"TDoA, $\geq$3 arrays (76\% of terminals)",0.2736
"TDoA, $\geq$3 arrays (76\% of terminals)",0.0145
"TDoA, $\geq$3 arrays (76\% of terminals)",0.9079
"TDoA, $\geq$3 arrays (76\% of terminals)",3376420494046680576.0000
"TDoA, $\geq$3 arrays (76\% of terminals)",0.0780
"TDoA, $\geq$3 arrays (76\% of terminals)",0.1473
"TDoA, $\geq$3 arrays (76\% of terminals)",0.3938
"TDoA, $\geq$3 arrays (76\% of terminals)",0.0267
"TDoA, $\geq$3 arrays (76\% of terminals)",1.5101
"TDoA, $\geq$3 arrays (76\% of terminals)",0.6216
"TDoA, $\geq$3 arrays (76\% of terminals)",3568369396507765760.0000
"TDoA, $\geq$3 arrays (76\% of terminals)",0.3409
"TDoA, $\geq$3 arrays (76\% of terminals)",0.1208
"TDoA, $\geq$3 arrays (76\% of terminals)",0.0795
"TDoA, $\geq$3 arrays (76\% of terminals)",0.2523
"TDoA, $\geq$3 arrays (76\% of terminals)",0.7597
"TDoA, $\geq$3 arrays (76\% of terminals)",1.3075
"TDoA, $\geq$3 arrays (76\% of terminals)",1.6459
"TDoA, $\geq$3 arrays (76\% of terminals)",0.1506
"TDoA, $\geq$3 arrays (76\% of terminals)",0.4366
"TDoA, $\geq$3 arrays (76\% of terminals)",5498804149296556032.0000
"TDoA, $\geq$3 arrays (76\% of terminals)",0.2230
"TDoA, $\geq$3 arrays (76\% of terminals)",0.2253
"TDoA, $\geq$3 arrays (76\% of terminals)",0.6825
"TDoA, $\geq$3 arrays (76\% of terminals)",0.1114
"TDoA, $\geq$3 arrays (76\% of terminals)",0.0934
"TDoA, $\geq$3 arrays (76\% of terminals)",6149140042701872128.0000
"TDoA, $\geq$3 arrays (76\% of terminals)",0.4544
"TDoA, $\geq$3 arrays (76\% of terminals)",82583739387039793152.0000
"TDoA, $\geq$3 arrays (76\% of terminals)",0.8556
"TDoA, $\geq$3 arrays (76\% of terminals)",0.2570
"TDoA, $\geq$3 arrays (76\% of terminals)",4143778119028513792.0000
"TDoA, $\geq$3 arrays (76\% of terminals)",27.1764
"TDoA, $\geq$3 arrays (76\% of terminals)",0.3817
"TDoA, $\geq$3 arrays (76\% of terminals)",0.2245
"TDoA, $\geq$3 arrays (76\% of terminals)",0.0399
"TDoA, $\geq$3 arrays (76\% of terminals)",0.4657
"TDoA, $\geq$3 arrays (76\% of terminals)",0.9688
"TDoA, $\geq$3 arrays (76\% of terminals)",0.6928
"TDoA, $\geq$3 arrays (76\% of terminals)",1.1119
"TDoA, $\geq$3 arrays (76\% of terminals)",0.6990
"TDoA, $\geq$3 arrays (76\% of terminals)",0.3101
"TDoA, $\geq$3 arrays (76\% of terminals)",0.3117
"TDoA, $\geq$3 arrays (76\% of terminals)",0.1160
"TDoA, $\geq$3 arrays (76\% of terminals)",0.1553
"TDoA, $\geq$3 arrays (76\% of terminals)",0.0864
"TDoA, $\geq$3 arrays (76\% of terminals)",0.2450
"TDoA, $\geq$3 arrays (76\% of terminals)",0.1645
"TDoA, $\geq$3 arrays (76\% of terminals)",2633559170671675392.0000
"TDoA, $\geq$3 arrays (76\% of terminals)",0.2143
"TDoA, $\geq$3 arrays (76\% of terminals)",133412243776276592.0000
"TDoA, $\geq$3 arrays (76\% of terminals)",0.3148
"TDoA, $\geq$3 arrays (76\% of terminals)",0.4099
"TDoA, $\geq$3 arrays (76\% of terminals)",0.0489
"TDoA, $\geq$3 arrays (76\% of terminals)",1.3728
"TDoA, $\geq$3 arrays (76\% of terminals)",2503052318981875712.0000
"TDoA, $\geq$3 arrays (76\% of terminals)",2.2328
"TDoA, $\geq$3 arrays (76\% of terminals)",1.6645
"TDoA, $\geq$3 arrays (76\% of terminals)",0.1012
"TDoA, $\geq$3 arrays (76\% of terminals)",0.3553
"TDoA, $\geq$3 arrays (76\% of terminals)",0.2570
"TDoA, $\geq$3 arrays (76\% of terminals)",0.1966
"TDoA, $\geq$3 arrays (76\% of terminals)",0.1462
"TDoA, $\geq$3 arrays (76\% of terminals)",2538553940165471744.0000
"TDoA, $\geq$3 arrays (76\% of terminals)",0.0502
"TDoA, $\geq$3 arrays (76\% of terminals)",0.1460
"TDoA, $\geq$3 arrays (76\% of terminals)",0.4203
"TDoA, $\geq$3 arrays (76\% of terminals)",0.9539
"TDoA, $\geq$3 arrays (76\% of terminals)",0.3555
"TDoA, $\geq$3 arrays (76\% of terminals)",0.1902
"TDoA, $\geq$3 arrays (76\% of terminals)",1.2518
"TDoA, $\geq$3 arrays (76\% of terminals)",0.0945
"TDoA, $\geq$3 arrays (76\% of terminals)",0.1187
"TDoA, $\geq$3 arrays (76\% of terminals)",0.7392
"TDoA, $\geq$3 arrays (76\% of terminals)",3846887291713008128.0000
"TDoA, $\geq$3 arrays (76\% of terminals)",0.1980
"TDoA, $\geq$3 arrays (76\% of terminals)",758983153080137728.0000
"TDoA, $\geq$3 arrays (76\% of terminals)",0.2160
"TDoA, $\geq$3 arrays (76\% of terminals)",0.0728
"TDoA, $\geq$3 arrays (76\% of terminals)",0.0624
"TDoA, $\geq$3 arrays (76\% of terminals)",3733377242776364032.0000
"TDoA, $\geq$3 arrays (76\% of terminals)",0.4427
"TDoA, $\geq$3 arrays (76\% of terminals)",0.1294
"TDoA, $\geq$3 arrays (76\% of terminals)",0.0986
"TDoA, $\geq$3 arrays (76\% of terminals)",0.0640
"TDoA, $\geq$3 arrays (76\% of terminals)",2.9654
"TDoA, $\geq$3 arrays (76\% of terminals)",6.4180
"TDoA, $\geq$3 arrays (76\% of terminals)",0.1705
"TDoA, $\geq$3 arrays (76\% of terminals)",0.2270
"TDoA, $\geq$3 arrays (76\% of terminals)",3.7919
"TDoA, $\geq$3 arrays (76\% of terminals)",0.1806
"TDoA, $\geq$3 arrays (76\% of terminals)",1977518910614628352.0000
"TDoA, $\geq$3 arrays (76\% of terminals)",0.2504
"TDoA, $\geq$3 arrays (76\% of terminals)",0.1470
"TDoA, $\geq$3 arrays (76\% of terminals)",0.4868
"TDoA, $\geq$3 arrays (76\% of terminals)",0.1857
"TDoA, $\geq$3 arrays (76\% of terminals)",0.2393
"TDoA, $\geq$3 arrays (76\% of terminals)",0.6156
"TDoA, $\geq$3 arrays (76\% of terminals)",0.2690
"TDoA, $\geq$3 arrays (76\% of terminals)",0.2350
"TDoA, $\geq$3 arrays (76\% of terminals)",24.1299
"TDoA, $\geq$3 arrays (76\% of terminals)",0.3080
"TDoA, $\geq$3 arrays (76\% of terminals)",1.7868
"TDoA, $\geq$3 arrays (76\% of terminals)",5623281730293101568.0000
"TDoA, $\geq$3 arrays (76\% of terminals)",2503052318981875712.0000
"TDoA, $\geq$3 arrays (76\% of terminals)",2728830797026586624.0000
"TDoA, $\geq$3 arrays (76\% of terminals)",1.1509
"TDoA, $\geq$3 arrays (76\% of terminals)",0.2788
"TDoA, $\geq$3 arrays (76\% of terminals)",0.2132
"TDoA, $\geq$3 arrays (76\% of terminals)",0.3507
"TDoA, $\geq$3 arrays (76\% of terminals)",0.0536
"TDoA, $\geq$3 arrays (76\% of terminals)",0.0835
"TDoA, $\geq$3 arrays (76\% of terminals)",0.7838
"TDoA, $\geq$3 arrays (76\% of terminals)",2.0625
"TDoA, $\geq$3 arrays (76\% of terminals)",35383795000739008512.0000
"TDoA, $\geq$3 arrays (76\% of terminals)",0.0690
"TDoA, $\geq$3 arrays (76\% of terminals)",0.2490
"TDoA, $\geq$3 arrays (76\% of terminals)",0.2329
"TDoA, $\geq$3 arrays (76\% of terminals)",11876010614243508224.0000
"TDoA, $\geq$3 arrays (76\% of terminals)",0.2364
"TDoA, $\geq$3 arrays (76\% of terminals)",0.1606
"TDoA, $\geq$3 arrays (76\% of terminals)",57.8994
"TDoA, $\geq$3 arrays (76\% of terminals)",0.4411
"TDoA, $\geq$3 arrays (76\% of terminals)",9893967676405510144.0000
"TDoA, $\geq$3 arrays (76\% of terminals)",0.1454
"TDoA, $\geq$3 arrays (76\% of terminals)",0.1002
"TDoA, $\geq$3 arrays (76\% of terminals)",1.9846
"TDoA, $\geq$3 arrays (76\% of terminals)",0.8276
"TDoA, $\geq$3 arrays (76\% of terminals)",0.7980
"TDoA, $\geq$3 arrays (76\% of terminals)",0.1530
"TDoA, $\geq$3 arrays (76\% of terminals)",0.1838
"TDoA, $\geq$3 arrays (76\% of terminals)",0.2405
"TDoA, $\geq$3 arrays (76\% of terminals)",72.9752
"TDoA, $\geq$3 arrays (76\% of terminals)",1.3333
"TDoA, $\geq$3 arrays (76\% of terminals)",0.2755
"TDoA, $\geq$3 arrays (76\% of terminals)",0.0899
"TDoA, $\geq$3 arrays (76\% of terminals)",0.2397
"TDoA, $\geq$3 arrays (76\% of terminals)",0.5806
"TDoA, $\geq$3 arrays (76\% of terminals)",0.2639
"TDoA, $\geq$3 arrays (76\% of terminals)",0.1911
"TDoA, $\geq$3 arrays (76\% of terminals)",0.6353
"TDoA, $\geq$3 arrays (76\% of terminals)",0.2912
"TDoA, $\geq$3 arrays (76\% of terminals)",0.2129
"TDoA, $\geq$3 arrays (76\% of terminals)",0.2636
"TDoA, $\geq$3 arrays (76\% of terminals)",0.2892
"TDoA, $\geq$3 arrays (76\% of terminals)",0.0718
"TDoA, $\geq$3 arrays (76\% of terminals)",0.2250
"TDoA, $\geq$3 arrays (76\% of terminals)",0.4704
"TDoA, $\geq$3 arrays (76\% of terminals)",0.3035
"TDoA, $\geq$3 arrays (76\% of terminals)",0.6812
"TDoA, $\geq$3 arrays (76\% of terminals)",409.6579
"TDoA, $\geq$3 arrays (76\% of terminals)",7518314576541467648.0000
"TDoA, $\geq$3 arrays (76\% of terminals)",0.0618
"TDoA, $\geq$3 arrays (76\% of terminals)",0.1194
"TDoA, $\geq$3 arrays (76\% of terminals)",0.9953
"TDoA, $\geq$3 arrays (76\% of terminals)",0.8167
"TDoA, $\geq$3 arrays (76\% of terminals)",0.2443
"TDoA, $\geq$3 arrays (76\% of terminals)",2846655281594939392.0000
"TDoA, $\geq$3 arrays (76\% of terminals)",0.2092
"TDoA, $\geq$3 arrays (76\% of terminals)",0.2860
"TDoA, $\geq$3 arrays (76\% of terminals)",0.2794
"TDoA, $\geq$3 arrays (76\% of terminals)",0.3803
"TDoA, $\geq$3 arrays (76\% of terminals)",0.3721
"TDoA, $\geq$3 arrays (76\% of terminals)",0.1987
"TDoA, $\geq$3 arrays (76\% of terminals)",12.8583
"TDoA, $\geq$3 arrays (76\% of terminals)",0.5786
"TDoA, $\geq$3 arrays (76\% of terminals)",22.9346
"TDoA, $\geq$3 arrays (76\% of terminals)",0.1049
"TDoA, $\geq$3 arrays (76\% of terminals)",4.6310
"TDoA, $\geq$3 arrays (76\% of terminals)",0.0782
"TDoA, $\geq$3 arrays (76\% of terminals)",0.1081
"TDoA, $\geq$3 arrays (76\% of terminals)",0.5164
"TDoA, $\geq$3 arrays (76\% of terminals)",0.1517
"TDoA, $\geq$3 arrays (76\% of terminals)",16.8164
"TDoA, $\geq$3 arrays (76\% of terminals)",0.0490
"TDoA, $\geq$3 arrays (76\% of terminals)",0.4365
"TDoA, $\geq$3 arrays (76\% of terminals)",0.2940
"TDoA, $\geq$3 arrays (76\% of terminals)",0.3168
"TDoA, $\geq$3 arrays (76\% of terminals)",0.7152
"TDoA, $\geq$3 arrays (76\% of terminals)",0.2763
"TDoA, $\geq$3 arrays (76\% of terminals)",0.2017
"TDoA, $\geq$3 arrays (76\% of terminals)",0.9678
"TDoA, $\geq$3 arrays (76\% of terminals)",0.4650
"TDoA, $\geq$3 arrays (76\% of terminals)",0.2552
"TDoA, $\geq$3 arrays (76\% of terminals)",0.4648
"TDoA, $\geq$3 arrays (76\% of terminals)",0.9127
"TDoA, $\geq$3 arrays (76\% of terminals)",2550232481685492224.0000
"TDoA, $\geq$3 arrays (76\% of terminals)",0.3241
"TDoA, $\geq$3 arrays (76\% of terminals)",0.3323
"TDoA, $\geq$3 arrays (76\% of terminals)",0.1087
"TDoA, $\geq$3 arrays (76\% of terminals)",0.1181
"TDoA, $\geq$3 arrays (76\% of terminals)",0.0715
"TDoA, $\geq$3 arrays (76\% of terminals)",0.1513
"TDoA, $\geq$3 arrays (76\% of terminals)",0.0158
"TDoA, $\geq$3 arrays (76\% of terminals)",0.1872
"TDoA, $\geq$3 arrays (76\% of terminals)",0.9516
"TDoA, $\geq$3 arrays (76\% of terminals)",3331133528069127680.0000
"TDoA, $\geq$3 arrays (76\% of terminals)",0.3296
"TDoA, $\geq$3 arrays (76\% of terminals)",0.6521
"TDoA, $\geq$3 arrays (76\% of terminals)",0.1509
"TDoA, $\geq$3 arrays (76\% of terminals)",0.1369
"TDoA, $\geq$3 arrays (76\% of terminals)",0.2871
"TDoA, $\geq$3 arrays (76\% of terminals)",0.2861
"TDoA, $\geq$3 arrays (76\% of terminals)",2.8737
"TDoA, $\geq$3 arrays (76\% of terminals)",8325646217479799808.0000
"TDoA, $\geq$3 arrays (76\% of terminals)",0.3105
"TDoA, $\geq$3 arrays (76\% of terminals)",0.1513
"TDoA, $\geq$3 arrays (76\% of terminals)",0.2970
"TDoA, $\geq$3 arrays (76\% of terminals)",0.1538
"TDoA, $\geq$3 arrays (76\% of terminals)",0.9208
"TDoA, $\geq$3 arrays (76\% of terminals)",755533804859572992.0000
"TDoA, $\geq$3 arrays (76\% of terminals)",0.1667
"TDoA, $\geq$3 arrays (76\% of terminals)",83.6267
"TDoA, $\geq$3 arrays (76\% of terminals)",0.1328
"TDoA, $\geq$3 arrays (76\% of terminals)",0.2295
"TDoA, $\geq$3 arrays (76\% of terminals)",0.3792
"TDoA, $\geq$3 arrays (76\% of terminals)",0.3744
"TDoA, $\geq$3 arrays (76\% of terminals)",0.1778
"TDoA, $\geq$3 arrays (76\% of terminals)",0.3673
"TDoA, $\geq$3 arrays (76\% of terminals)",24.6009
"TDoA, $\geq$3 arrays (76\% of terminals)",0.5748
"TDoA, $\geq$3 arrays (76\% of terminals)",6.4557
"TDoA, $\geq$3 arrays (76\% of terminals)",0.2114
"TDoA, $\geq$3 arrays (76\% of terminals)",0.4592
"TDoA, $\geq$3 arrays (76\% of terminals)",0.3108
"TDoA, $\geq$3 arrays (76\% of terminals)",3.1393
"TDoA, $\geq$3 arrays (76\% of terminals)",5206593161325046784.0000
"TDoA, $\geq$3 arrays (76\% of terminals)",0.2565
"TDoA, $\geq$3 arrays (76\% of terminals)",0.1723
"TDoA, $\geq$3 arrays (76\% of terminals)",11.4665
"TDoA, $\geq$3 arrays (76\% of terminals)",0.2578
"TDoA, $\geq$3 arrays (76\% of terminals)",0.4529
"TDoA, $\geq$3 arrays (76\% of terminals)",0.0895
"TDoA, $\geq$3 arrays (76\% of terminals)",0.2981
"TDoA, $\geq$3 arrays (76\% of terminals)",0.6053
"TDoA, $\geq$3 arrays (76\% of terminals)",0.1873
"TDoA, $\geq$3 arrays (76\% of terminals)",0.4746
"TDoA, $\geq$3 arrays (76\% of terminals)",6.6302
"TDoA, $\geq$3 arrays (76\% of terminals)",0.2033
"TDoA, $\geq$3 arrays (76\% of terminals)",0.2335
"TDoA, $\geq$3 arrays (76\% of terminals)",1.1762
"TDoA, $\geq$3 arrays (76\% of terminals)",1.4098
"TDoA, $\geq$3 arrays (76\% of terminals)",0.2938
"TDoA, $\geq$3 arrays (76\% of terminals)",15.5790
"TDoA, $\geq$3 arrays (76\% of terminals)",8209093103096616960.0000
"TDoA, $\geq$3 arrays (76\% of terminals)",0.8105
"TDoA, $\geq$3 arrays (76\% of terminals)",6085838940473141248.0000
"TDoA, $\geq$3 arrays (76\% of terminals)",758983153080137728.0000
"TDoA, $\geq$3 arrays (76\% of terminals)",53.4959
"TDoA, $\geq$3 arrays (76\% of terminals)",0.0950
"TDoA, $\geq$3 arrays (76\% of terminals)",3819953250557046272.0000
"TDoA, $\geq$3 arrays (76\% of terminals)",0.2011
"TDoA, $\geq$3 arrays (76\% of terminals)",0.0593
"TDoA, $\geq$3 arrays (76\% of terminals)",0.1647
"TDoA, $\geq$3 arrays (76\% of terminals)",3652836453177154560.0000
"TDoA, $\geq$3 arrays (76\% of terminals)",0.1637
"TDoA, $\geq$3 arrays (76\% of terminals)",2650613607631059456.0000
"TDoA, $\geq$3 arrays (76\% of terminals)",0.8097
"TDoA, $\geq$3 arrays (76\% of terminals)",0.1980
"TDoA, $\geq$3 arrays (76\% of terminals)",0.3674
"TDoA, $\geq$3 arrays (76\% of terminals)",0.1890
"TDoA, $\geq$3 arrays (76\% of terminals)",8804388783210747904.0000
"TDoA, $\geq$3 arrays (76\% of terminals)",8812398882200776704.0000
"TDoA, $\geq$3 arrays (76\% of terminals)",0.3690
"TDoA, $\geq$3 arrays (76\% of terminals)",4090551123821439488.0000
"TDoA, $\geq$3 arrays (76\% of terminals)",0.1997
"TDoA, $\geq$3 arrays (76\% of terminals)",0.1948
"TDoA, $\geq$3 arrays (76\% of terminals)",0.8521
"TDoA, $\geq$3 arrays (76\% of terminals)",5793318157778142208.0000
"TDoA, $\geq$3 arrays (76\% of terminals)",1.0497
"TDoA, $\geq$3 arrays (76\% of terminals)",0.1121
"TDoA, $\geq$3 arrays (76\% of terminals)",0.2222
"TDoA, $\geq$3 arrays (76\% of terminals)",15165362627789746176.0000
"TDoA, $\geq$3 arrays (76\% of terminals)",0.1263
"TDoA, all-LoS clusters (26\% of terminals)",3.5007
"TDoA, all-LoS clusters (26\% of terminals)",0.3001
"TDoA, all-LoS clusters (26\% of terminals)",0.1087
"TDoA, all-LoS clusters (26\% of terminals)",0.3073
"TDoA, all-LoS clusters (26\% of terminals)",0.2996
"TDoA, all-LoS clusters (26\% of terminals)",0.1906
"TDoA, all-LoS clusters (26\% of terminals)",0.1683
"TDoA, all-LoS clusters (26\% of terminals)",7131219573997112320.0000
"TDoA, all-LoS clusters (26\% of terminals)",0.1723
"TDoA, all-LoS clusters (26\% of terminals)",0.1282
"TDoA, all-LoS clusters (26\% of terminals)",0.6464
"TDoA, all-LoS clusters (26\% of terminals)",0.2864
"TDoA, all-LoS clusters (26\% of terminals)",0.1818
"TDoA, all-LoS clusters (26\% of terminals)",0.1210
"TDoA, all-LoS clusters (26\% of terminals)",0.3066
"TDoA, all-LoS clusters (26\% of terminals)",0.1814
"TDoA, all-LoS clusters (26\% of terminals)",0.0726
"TDoA, all-LoS clusters (26\% of terminals)",0.0787
"TDoA, all-LoS clusters (26\% of terminals)",0.1401
"TDoA, all-LoS clusters (26\% of terminals)",0.4647
"TDoA, all-LoS clusters (26\% of terminals)",0.5453
"TDoA, all-LoS clusters (26\% of terminals)",0.1797
"TDoA, all-LoS clusters (26\% of terminals)",0.2337
"TDoA, all-LoS clusters (26\% of terminals)",0.1438
"TDoA, all-LoS clusters (26\% of terminals)",0.2244
"TDoA, all-LoS clusters (26\% of terminals)",0.2428
"TDoA, all-LoS clusters (26\% of terminals)",0.2276
"TDoA, all-LoS clusters (26\% of terminals)",0.0405
"TDoA, all-LoS clusters (26\% of terminals)",11.9953
"TDoA, all-LoS clusters (26\% of terminals)",1.7571
"TDoA, all-LoS clusters (26\% of terminals)",2.5545
"TDoA, all-LoS clusters (26\% of terminals)",0.1434
"TDoA, all-LoS clusters (26\% of terminals)",0.1928
"TDoA, all-LoS clusters (26\% of terminals)",0.2984
"TDoA, all-LoS clusters (26\% of terminals)",0.8719
"TDoA, all-LoS clusters (26\% of terminals)",0.1556
"TDoA, all-LoS clusters (26\% of terminals)",0.1013
"TDoA, all-LoS clusters (26\% of terminals)",0.1514
"TDoA, all-LoS clusters (26\% of terminals)",2.3049
"TDoA, all-LoS clusters (26\% of terminals)",0.6464
"TDoA, all-LoS clusters (26\% of terminals)",0.1213
"TDoA, all-LoS clusters (26\% of terminals)",0.3003
"TDoA, all-LoS clusters (26\% of terminals)",0.1941
"TDoA, all-LoS clusters (26\% of terminals)",0.3876
"TDoA, all-LoS clusters (26\% of terminals)",0.0579
"TDoA, all-LoS clusters (26\% of terminals)",0.3142
"TDoA, all-LoS clusters (26\% of terminals)",0.2625
"TDoA, all-LoS clusters (26\% of terminals)",0.1146
"TDoA, all-LoS clusters (26\% of terminals)",0.3580
"TDoA, all-LoS clusters (26\% of terminals)",0.1901
"TDoA, all-LoS clusters (26\% of terminals)",0.0817
"TDoA, all-LoS clusters (26\% of terminals)",0.0482
"TDoA, all-LoS clusters (26\% of terminals)",0.1886
"TDoA, all-LoS clusters (26\% of terminals)",0.1526
"TDoA, all-LoS clusters (26\% of terminals)",0.2554
"TDoA, all-LoS clusters (26\% of terminals)",0.0676
"TDoA, all-LoS clusters (26\% of terminals)",0.3185
"TDoA, all-LoS clusters (26\% of terminals)",0.0679
"TDoA, all-LoS clusters (26\% of terminals)",1.8583
"TDoA, all-LoS clusters (26\% of terminals)",2972292410762917376.0000
"TDoA, all-LoS clusters (26\% of terminals)",0.2757
"TDoA, all-LoS clusters (26\% of terminals)",0.2573
"TDoA, all-LoS clusters (26\% of terminals)",0.0732
"TDoA, all-LoS clusters (26\% of terminals)",0.1924
"TDoA, all-LoS clusters (26\% of terminals)",0.2280
"TDoA, all-LoS clusters (26\% of terminals)",0.0410
"TDoA, all-LoS clusters (26\% of terminals)",0.1700
"TDoA, all-LoS clusters (26\% of terminals)",0.0834
"TDoA, all-LoS clusters (26\% of terminals)",0.0145
"TDoA, all-LoS clusters (26\% of terminals)",0.0780
"TDoA, all-LoS clusters (26\% of terminals)",0.1473
"TDoA, all-LoS clusters (26\% of terminals)",0.6216
"TDoA, all-LoS clusters (26\% of terminals)",0.1208
"TDoA, all-LoS clusters (26\% of terminals)",0.0795
"TDoA, all-LoS clusters (26\% of terminals)",0.4366
"TDoA, all-LoS clusters (26\% of terminals)",0.6825
"TDoA, all-LoS clusters (26\% of terminals)",0.1114
"TDoA, all-LoS clusters (26\% of terminals)",0.0934
"TDoA, all-LoS clusters (26\% of terminals)",0.2570
"TDoA, all-LoS clusters (26\% of terminals)",4143778119028513792.0000
"TDoA, all-LoS clusters (26\% of terminals)",0.3817
"TDoA, all-LoS clusters (26\% of terminals)",0.0399
"TDoA, all-LoS clusters (26\% of terminals)",0.3101
"TDoA, all-LoS clusters (26\% of terminals)",0.1160
"TDoA, all-LoS clusters (26\% of terminals)",0.1553
"TDoA, all-LoS clusters (26\% of terminals)",0.2143
"TDoA, all-LoS clusters (26\% of terminals)",1.3728
"TDoA, all-LoS clusters (26\% of terminals)",2.2328
"TDoA, all-LoS clusters (26\% of terminals)",0.1012
"TDoA, all-LoS clusters (26\% of terminals)",0.2570
"TDoA, all-LoS clusters (26\% of terminals)",0.1462
"TDoA, all-LoS clusters (26\% of terminals)",0.0502
"TDoA, all-LoS clusters (26\% of terminals)",0.4203
"TDoA, all-LoS clusters (26\% of terminals)",0.0945
"TDoA, all-LoS clusters (26\% of terminals)",0.7392
"TDoA, all-LoS clusters (26\% of terminals)",0.0728
"TDoA, all-LoS clusters (26\% of terminals)",0.0986
"TDoA, all-LoS clusters (26\% of terminals)",0.1705
"TDoA, all-LoS clusters (26\% of terminals)",0.2270
"TDoA, all-LoS clusters (26\% of terminals)",0.1470
"TDoA, all-LoS clusters (26\% of terminals)",0.4868
"TDoA, all-LoS clusters (26\% of terminals)",0.1857
"TDoA, all-LoS clusters (26\% of terminals)",0.2393
"TDoA, all-LoS clusters (26\% of terminals)",0.6156
"TDoA, all-LoS clusters (26\% of terminals)",0.2690
"TDoA, all-LoS clusters (26\% of terminals)",0.2350
"TDoA, all-LoS clusters (26\% of terminals)",0.3080
"TDoA, all-LoS clusters (26\% of terminals)",2728830797026586624.0000
"TDoA, all-LoS clusters (26\% of terminals)",0.2132
"TDoA, all-LoS clusters (26\% of terminals)",0.0690
"TDoA, all-LoS clusters (26\% of terminals)",0.2329
"TDoA, all-LoS clusters (26\% of terminals)",0.1606
"TDoA, all-LoS clusters (26\% of terminals)",0.1530
"TDoA, all-LoS clusters (26\% of terminals)",0.1838
"TDoA, all-LoS clusters (26\% of terminals)",0.2755
"TDoA, all-LoS clusters (26\% of terminals)",0.0899
"TDoA, all-LoS clusters (26\% of terminals)",0.2397
"TDoA, all-LoS clusters (26\% of terminals)",0.2129
"TDoA, all-LoS clusters (26\% of terminals)",0.2250
"TDoA, all-LoS clusters (26\% of terminals)",0.3035
"TDoA, all-LoS clusters (26\% of terminals)",0.6812
"TDoA, all-LoS clusters (26\% of terminals)",0.0618
"TDoA, all-LoS clusters (26\% of terminals)",0.2860
"TDoA, all-LoS clusters (26\% of terminals)",0.2794
"TDoA, all-LoS clusters (26\% of terminals)",0.3803
"TDoA, all-LoS clusters (26\% of terminals)",0.1987
"TDoA, all-LoS clusters (26\% of terminals)",0.1049
"TDoA, all-LoS clusters (26\% of terminals)",0.0782
"TDoA, all-LoS clusters (26\% of terminals)",16.8164
"TDoA, all-LoS clusters (26\% of terminals)",0.0490
"TDoA, all-LoS clusters (26\% of terminals)",0.2940
"TDoA, all-LoS clusters (26\% of terminals)",0.7152
"TDoA, all-LoS clusters (26\% of terminals)",0.2017
"TDoA, all-LoS clusters (26\% of terminals)",0.4650
"TDoA, all-LoS clusters (26\% of terminals)",0.2552
"TDoA, all-LoS clusters (26\% of terminals)",0.4648
"TDoA, all-LoS clusters (26\% of terminals)",0.1087
"TDoA, all-LoS clusters (26\% of terminals)",0.0715
"TDoA, all-LoS clusters (26\% of terminals)",0.1513
"TDoA, all-LoS clusters (26\% of terminals)",0.1872
"TDoA, all-LoS clusters (26\% of terminals)",0.9516
"TDoA, all-LoS clusters (26\% of terminals)",0.1513
"TDoA, all-LoS clusters (26\% of terminals)",0.1538
"TDoA, all-LoS clusters (26\% of terminals)",0.1328
"TDoA, all-LoS clusters (26\% of terminals)",0.2114
"TDoA, all-LoS clusters (26\% of terminals)",0.2565
"TDoA, all-LoS clusters (26\% of terminals)",0.2335
"TDoA, all-LoS clusters (26\% of terminals)",0.2938
"TDoA, all-LoS clusters (26\% of terminals)",15.5790
"TDoA, all-LoS clusters (26\% of terminals)",0.0950
"TDoA, all-LoS clusters (26\% of terminals)",0.0593
"TDoA, all-LoS clusters (26\% of terminals)",0.8097
"TDoA, all-LoS clusters (26\% of terminals)",0.1980
"TDoA, all-LoS clusters (26\% of terminals)",0.3674
"TDoA, all-LoS clusters (26\% of terminals)",0.1121
"TDoA, all-LoS clusters (26\% of terminals)",0.2222
"TDoA, all-LoS clusters (26\% of terminals)",15165362627789746176.0000
"Residual-gated hybrid",3.5007
"Residual-gated hybrid",0.1405
"Residual-gated hybrid",1.1337
"Residual-gated hybrid",0.1008
"Residual-gated hybrid",0.1322
"Residual-gated hybrid",0.5886
"Residual-gated hybrid",15.2249
"Residual-gated hybrid",0.3001
"Residual-gated hybrid",5.6129
"Residual-gated hybrid",0.0089
"Residual-gated hybrid",1.3911
"Residual-gated hybrid",1.0425
"Residual-gated hybrid",0.1087
"Residual-gated hybrid",0.3073
"Residual-gated hybrid",1.2517
"Residual-gated hybrid",0.1180
"Residual-gated hybrid",2.3261
"Residual-gated hybrid",0.1085
"Residual-gated hybrid",4.0309
"Residual-gated hybrid",0.2996
"Residual-gated hybrid",12.7291
"Residual-gated hybrid",5.3233
"Residual-gated hybrid",0.5469
"Residual-gated hybrid",0.1906
"Residual-gated hybrid",5.6311
"Residual-gated hybrid",2.2861
"Residual-gated hybrid",0.2623
"Residual-gated hybrid",0.1850
"Residual-gated hybrid",0.0989
"Residual-gated hybrid",3.0843
"Residual-gated hybrid",0.3882
"Residual-gated hybrid",8.5283
"Residual-gated hybrid",0.1882
"Residual-gated hybrid",0.1683
"Residual-gated hybrid",8.4651
"Residual-gated hybrid",6.6515
"Residual-gated hybrid",17.6692
"Residual-gated hybrid",0.0492
"Residual-gated hybrid",11.5187
"Residual-gated hybrid",0.8812
"Residual-gated hybrid",0.0829
"Residual-gated hybrid",0.1723
"Residual-gated hybrid",0.1282
"Residual-gated hybrid",0.3496
"Residual-gated hybrid",0.4876
"Residual-gated hybrid",1.8900
"Residual-gated hybrid",0.6464
"Residual-gated hybrid",2.7235
"Residual-gated hybrid",0.2864
"Residual-gated hybrid",0.1818
"Residual-gated hybrid",0.6596
"Residual-gated hybrid",0.1933
"Residual-gated hybrid",1.8966
"Residual-gated hybrid",0.1210
"Residual-gated hybrid",0.3066
"Residual-gated hybrid",2.4841
"Residual-gated hybrid",0.0075
"Residual-gated hybrid",7.9556
"Residual-gated hybrid",0.1446
"Residual-gated hybrid",0.2055
"Residual-gated hybrid",0.1814
"Residual-gated hybrid",0.0726
"Residual-gated hybrid",0.0201
"Residual-gated hybrid",0.0787
"Residual-gated hybrid",3.7313
"Residual-gated hybrid",3.0695
"Residual-gated hybrid",1.0141
"Residual-gated hybrid",0.1401
"Residual-gated hybrid",1.2126
"Residual-gated hybrid",9.5661
"Residual-gated hybrid",0.1755
"Residual-gated hybrid",0.6106
"Residual-gated hybrid",0.2776
"Residual-gated hybrid",0.2072
"Residual-gated hybrid",1.4951
"Residual-gated hybrid",0.4647
"Residual-gated hybrid",5.2240
"Residual-gated hybrid",6.5591
"Residual-gated hybrid",0.5453
"Residual-gated hybrid",0.1797
"Residual-gated hybrid",0.2337
"Residual-gated hybrid",15.2272
"Residual-gated hybrid",4.1109
"Residual-gated hybrid",0.1438
"Residual-gated hybrid",0.2244
"Residual-gated hybrid",8.7556
"Residual-gated hybrid",0.2428
"Residual-gated hybrid",2.4640
"Residual-gated hybrid",0.3118
"Residual-gated hybrid",5.7051
"Residual-gated hybrid",0.6864
"Residual-gated hybrid",0.0912
"Residual-gated hybrid",0.2276
"Residual-gated hybrid",0.0405
"Residual-gated hybrid",6.0100
"Residual-gated hybrid",0.9674
"Residual-gated hybrid",0.3624
"Residual-gated hybrid",0.1660
"Residual-gated hybrid",0.3875
"Residual-gated hybrid",41.7582
"Residual-gated hybrid",0.1740
"Residual-gated hybrid",1.4534
"Residual-gated hybrid",11.9953
"Residual-gated hybrid",1.7571
"Residual-gated hybrid",0.1217
"Residual-gated hybrid",0.4165
"Residual-gated hybrid",1.2414
"Residual-gated hybrid",2.9660
"Residual-gated hybrid",157.3208
"Residual-gated hybrid",2.5545
"Residual-gated hybrid",6.1203
"Residual-gated hybrid",0.6164
"Residual-gated hybrid",1.8290
"Residual-gated hybrid",0.8269
"Residual-gated hybrid",1.8555
"Residual-gated hybrid",4.8324
"Residual-gated hybrid",0.1434
"Residual-gated hybrid",0.1928
"Residual-gated hybrid",2.3915
"Residual-gated hybrid",0.8523
"Residual-gated hybrid",0.6939
"Residual-gated hybrid",0.4316
"Residual-gated hybrid",0.1928
"Residual-gated hybrid",43.1933
"Residual-gated hybrid",5.0275
"Residual-gated hybrid",0.0851
"Residual-gated hybrid",2.3248
"Residual-gated hybrid",0.2984
"Residual-gated hybrid",2.2503
"Residual-gated hybrid",0.8719
"Residual-gated hybrid",6.5128
"Residual-gated hybrid",0.1556
"Residual-gated hybrid",0.2091
"Residual-gated hybrid",0.2933
"Residual-gated hybrid",0.1013
"Residual-gated hybrid",0.4032
"Residual-gated hybrid",100.5812
"Residual-gated hybrid",0.1514
"Residual-gated hybrid",2.3049
"Residual-gated hybrid",22.4259
"Residual-gated hybrid",9.3538
"Residual-gated hybrid",8.7430
"Residual-gated hybrid",0.6464
"Residual-gated hybrid",0.1213
"Residual-gated hybrid",3.9001
"Residual-gated hybrid",0.8564
"Residual-gated hybrid",0.3003
"Residual-gated hybrid",4.9127
"Residual-gated hybrid",7.4917
"Residual-gated hybrid",0.8172
"Residual-gated hybrid",0.6290
"Residual-gated hybrid",4.0548
"Residual-gated hybrid",3.2201
"Residual-gated hybrid",0.1941
"Residual-gated hybrid",0.1586
"Residual-gated hybrid",0.3876
"Residual-gated hybrid",9.7518
"Residual-gated hybrid",1.4141
"Residual-gated hybrid",0.3678
"Residual-gated hybrid",0.3707
"Residual-gated hybrid",0.4892
"Residual-gated hybrid",0.6187
"Residual-gated hybrid",1.3914
"Residual-gated hybrid",0.0982
"Residual-gated hybrid",2.9463
"Residual-gated hybrid",2.0599
"Residual-gated hybrid",0.0579
"Residual-gated hybrid",13.1640
"Residual-gated hybrid",0.3142
"Residual-gated hybrid",0.3167
"Residual-gated hybrid",0.1763
"Residual-gated hybrid",8.7102
"Residual-gated hybrid",7.2629
"Residual-gated hybrid",5.7223
"Residual-gated hybrid",3.5220
"Residual-gated hybrid",3.8168
"Residual-gated hybrid",14.9022
"Residual-gated hybrid",4.9550
"Residual-gated hybrid",3.2672
"Residual-gated hybrid",0.2625
"Residual-gated hybrid",0.1146
"Residual-gated hybrid",5.9543
"Residual-gated hybrid",0.3580
"Residual-gated hybrid",0.0855
"Residual-gated hybrid",0.4068
"Residual-gated hybrid",6.3491
"Residual-gated hybrid",0.9601
"Residual-gated hybrid",0.0694
"Residual-gated hybrid",0.1562
"Residual-gated hybrid",0.4445
"Residual-gated hybrid",0.4569
"Residual-gated hybrid",0.1901
"Residual-gated hybrid",2.3165
"Residual-gated hybrid",0.0817
"Residual-gated hybrid",0.0482
"Residual-gated hybrid",0.4444
"Residual-gated hybrid",0.1886
"Residual-gated hybrid",0.8386
"Residual-gated hybrid",0.1526
"Residual-gated hybrid",0.1216
"Residual-gated hybrid",0.2554
"Residual-gated hybrid",0.0676
"Residual-gated hybrid",2.9016
"Residual-gated hybrid",0.0994
"Residual-gated hybrid",0.2358
"Residual-gated hybrid",1.9654
"Residual-gated hybrid",0.3185
"Residual-gated hybrid",7.3533
"Residual-gated hybrid",0.0679
"Residual-gated hybrid",1.8583
"Residual-gated hybrid",1.7004
"Residual-gated hybrid",3.0568
"Residual-gated hybrid",8.6830
"Residual-gated hybrid",0.0536
"Residual-gated hybrid",1.6876
"Residual-gated hybrid",1.3543
"Residual-gated hybrid",0.2523
"Residual-gated hybrid",0.2757
"Residual-gated hybrid",0.2573
"Residual-gated hybrid",16.3854
"Residual-gated hybrid",4.2479
"Residual-gated hybrid",0.0732
"Residual-gated hybrid",2.6792
"Residual-gated hybrid",0.1924
"Residual-gated hybrid",12.9068
"Residual-gated hybrid",18.7756
"Residual-gated hybrid",30.2493
"Residual-gated hybrid",3.7176
"Residual-gated hybrid",0.2280
"Residual-gated hybrid",5.1242
"Residual-gated hybrid",0.3789
"Residual-gated hybrid",0.0410
"Residual-gated hybrid",7.3682
"Residual-gated hybrid",0.1700
"Residual-gated hybrid",0.0906
"Residual-gated hybrid",1.3209
"Residual-gated hybrid",5.9759
"Residual-gated hybrid",0.0834
"Residual-gated hybrid",0.2681
"Residual-gated hybrid",5.1213
"Residual-gated hybrid",0.5469
"Residual-gated hybrid",0.8554
"Residual-gated hybrid",0.2736
"Residual-gated hybrid",0.5637
"Residual-gated hybrid",3.5437
"Residual-gated hybrid",0.0145
"Residual-gated hybrid",1.2820
"Residual-gated hybrid",0.9079
"Residual-gated hybrid",5.2368
"Residual-gated hybrid",1.1509
"Residual-gated hybrid",4.1720
"Residual-gated hybrid",23.7561
"Residual-gated hybrid",5.6335
"Residual-gated hybrid",4.0770
"Residual-gated hybrid",0.0780
"Residual-gated hybrid",2.9906
"Residual-gated hybrid",11.3148
"Residual-gated hybrid",9.2626
"Residual-gated hybrid",0.1473
"Residual-gated hybrid",0.3938
"Residual-gated hybrid",0.0267
"Residual-gated hybrid",1.5101
"Residual-gated hybrid",3.0153
"Residual-gated hybrid",0.6216
"Residual-gated hybrid",2.9907
"Residual-gated hybrid",3.0851
"Residual-gated hybrid",0.3409
"Residual-gated hybrid",0.1208
"Residual-gated hybrid",0.0795
"Residual-gated hybrid",0.2523
"Residual-gated hybrid",5.5649
"Residual-gated hybrid",0.7597
"Residual-gated hybrid",1.3075
"Residual-gated hybrid",1.6459
"Residual-gated hybrid",0.6549
"Residual-gated hybrid",0.1506
"Residual-gated hybrid",0.4366
"Residual-gated hybrid",11.9779
"Residual-gated hybrid",0.2230
"Residual-gated hybrid",0.2253
"Residual-gated hybrid",15.8438
"Residual-gated hybrid",0.6825
"Residual-gated hybrid",0.1114
"Residual-gated hybrid",0.0934
"Residual-gated hybrid",11.8123
"Residual-gated hybrid",0.4544
"Residual-gated hybrid",11.7253
"Residual-gated hybrid",0.8556
"Residual-gated hybrid",18.9342
"Residual-gated hybrid",0.2570
"Residual-gated hybrid",4.9368
"Residual-gated hybrid",1.2065
"Residual-gated hybrid",0.3817
"Residual-gated hybrid",0.2245
"Residual-gated hybrid",0.0399
"Residual-gated hybrid",0.4657
"Residual-gated hybrid",2.5009
"Residual-gated hybrid",0.9688
"Residual-gated hybrid",6.3664
"Residual-gated hybrid",1.1994
"Residual-gated hybrid",0.6928
"Residual-gated hybrid",1.1119
"Residual-gated hybrid",0.6990
"Residual-gated hybrid",0.3101
"Residual-gated hybrid",0.3117
"Residual-gated hybrid",0.1160
"Residual-gated hybrid",0.1553
"Residual-gated hybrid",0.0864
"Residual-gated hybrid",14.9062
"Residual-gated hybrid",0.2450
"Residual-gated hybrid",0.1645
"Residual-gated hybrid",3.6604
"Residual-gated hybrid",0.2143
"Residual-gated hybrid",9.5714
"Residual-gated hybrid",0.3148
"Residual-gated hybrid",0.4099
"Residual-gated hybrid",0.0489
"Residual-gated hybrid",1.3728
"Residual-gated hybrid",1.7428
"Residual-gated hybrid",2.2328
"Residual-gated hybrid",10.5764
"Residual-gated hybrid",1.6645
"Residual-gated hybrid",0.1012
"Residual-gated hybrid",0.3553
"Residual-gated hybrid",0.2570
"Residual-gated hybrid",0.1966
"Residual-gated hybrid",1.4438
"Residual-gated hybrid",8.8435
"Residual-gated hybrid",1.8896
"Residual-gated hybrid",0.1462
"Residual-gated hybrid",2.3291
"Residual-gated hybrid",0.0502
"Residual-gated hybrid",0.1460
"Residual-gated hybrid",0.4203
"Residual-gated hybrid",2.3703
"Residual-gated hybrid",0.9539
"Residual-gated hybrid",0.3555
"Residual-gated hybrid",0.1902
"Residual-gated hybrid",1.2518
"Residual-gated hybrid",0.0945
"Residual-gated hybrid",0.1187
"Residual-gated hybrid",0.7392
"Residual-gated hybrid",8.4031
"Residual-gated hybrid",0.1980
"Residual-gated hybrid",7.6839
"Residual-gated hybrid",0.2478
"Residual-gated hybrid",0.2160
"Residual-gated hybrid",0.0728
"Residual-gated hybrid",0.0624
"Residual-gated hybrid",3.0560
"Residual-gated hybrid",0.4427
"Residual-gated hybrid",0.1294
"Residual-gated hybrid",0.0986
"Residual-gated hybrid",0.0640
"Residual-gated hybrid",2.9654
"Residual-gated hybrid",6.4180
"Residual-gated hybrid",0.1705
"Residual-gated hybrid",16.1353
"Residual-gated hybrid",0.2270
"Residual-gated hybrid",3.7919
"Residual-gated hybrid",0.1806
"Residual-gated hybrid",10.7618
"Residual-gated hybrid",0.2504
"Residual-gated hybrid",0.1470
"Residual-gated hybrid",0.4868
"Residual-gated hybrid",0.1857
"Residual-gated hybrid",2.2735
"Residual-gated hybrid",0.2393
"Residual-gated hybrid",0.6156
"Residual-gated hybrid",2.0263
"Residual-gated hybrid",0.2690
"Residual-gated hybrid",0.0405
"Residual-gated hybrid",0.2350
"Residual-gated hybrid",24.1299
"Residual-gated hybrid",5.0958
"Residual-gated hybrid",0.3080
"Residual-gated hybrid",1.7868
"Residual-gated hybrid",4.8616
"Residual-gated hybrid",3.2986
"Residual-gated hybrid",4.6749
"Residual-gated hybrid",2.3224
"Residual-gated hybrid",8.4024
"Residual-gated hybrid",1.1509
"Residual-gated hybrid",0.2788
"Residual-gated hybrid",0.2132
"Residual-gated hybrid",0.3507
"Residual-gated hybrid",0.0536
"Residual-gated hybrid",0.0835
"Residual-gated hybrid",0.5424
"Residual-gated hybrid",0.7838
"Residual-gated hybrid",3.6537
"Residual-gated hybrid",2.0625
"Residual-gated hybrid",20.2767
"Residual-gated hybrid",4.7173
"Residual-gated hybrid",4.4858
"Residual-gated hybrid",0.0690
"Residual-gated hybrid",0.2490
"Residual-gated hybrid",5.0669
"Residual-gated hybrid",0.2329
"Residual-gated hybrid",4.8327
"Residual-gated hybrid",3.4683
"Residual-gated hybrid",0.2364
"Residual-gated hybrid",0.1606
"Residual-gated hybrid",57.8994
"Residual-gated hybrid",5.6608
"Residual-gated hybrid",0.4411
"Residual-gated hybrid",8.6843
"Residual-gated hybrid",0.1454
"Residual-gated hybrid",0.1002
"Residual-gated hybrid",1.9846
"Residual-gated hybrid",5.1602
"Residual-gated hybrid",0.8276
"Residual-gated hybrid",6.6331
"Residual-gated hybrid",0.7980
"Residual-gated hybrid",0.1530
"Residual-gated hybrid",4.8176
"Residual-gated hybrid",2.7432
"Residual-gated hybrid",0.1838
"Residual-gated hybrid",0.2405
"Residual-gated hybrid",72.9752
"Residual-gated hybrid",2.8292
"Residual-gated hybrid",1.3333
"Residual-gated hybrid",0.2755
"Residual-gated hybrid",0.0899
"Residual-gated hybrid",0.2397
"Residual-gated hybrid",0.5806
"Residual-gated hybrid",0.2639
"Residual-gated hybrid",0.1911
"Residual-gated hybrid",0.6353
"Residual-gated hybrid",10.5992
"Residual-gated hybrid",0.2912
"Residual-gated hybrid",0.2129
"Residual-gated hybrid",0.2636
"Residual-gated hybrid",7.9000
"Residual-gated hybrid",0.2892
"Residual-gated hybrid",3.1897
"Residual-gated hybrid",0.0718
"Residual-gated hybrid",0.2250
"Residual-gated hybrid",4.8448
"Residual-gated hybrid",0.4704
"Residual-gated hybrid",0.3035
"Residual-gated hybrid",1.0652
"Residual-gated hybrid",0.6812
"Residual-gated hybrid",1.8361
"Residual-gated hybrid",4.0230
"Residual-gated hybrid",0.0618
"Residual-gated hybrid",0.1194
"Residual-gated hybrid",0.9953
"Residual-gated hybrid",0.8167
"Residual-gated hybrid",0.2443
"Residual-gated hybrid",8.8042
"Residual-gated hybrid",94.9326
"Residual-gated hybrid",0.2092
"Residual-gated hybrid",0.2860
"Residual-gated hybrid",0.2794
"Residual-gated hybrid",0.3803
"Residual-gated hybrid",0.3721
"Residual-gated hybrid",0.1987
"Residual-gated hybrid",12.8583
"Residual-gated hybrid",0.5786
"Residual-gated hybrid",2.7542
"Residual-gated hybrid",4.6305
"Residual-gated hybrid",0.1049
"Residual-gated hybrid",4.6310
"Residual-gated hybrid",0.0782
"Residual-gated hybrid",0.1081
"Residual-gated hybrid",4.8589
"Residual-gated hybrid",0.5164
"Residual-gated hybrid",0.1517
"Residual-gated hybrid",16.8164
"Residual-gated hybrid",0.0490
"Residual-gated hybrid",0.4365
"Residual-gated hybrid",0.2940
"Residual-gated hybrid",5.8802
"Residual-gated hybrid",0.3168
"Residual-gated hybrid",0.7152
"Residual-gated hybrid",1.2263
"Residual-gated hybrid",0.2763
"Residual-gated hybrid",0.2017
"Residual-gated hybrid",0.9678
"Residual-gated hybrid",2.9239
"Residual-gated hybrid",0.4650
"Residual-gated hybrid",0.2552
"Residual-gated hybrid",1.0553
"Residual-gated hybrid",0.4648
"Residual-gated hybrid",0.9127
"Residual-gated hybrid",4.8434
"Residual-gated hybrid",5.5511
"Residual-gated hybrid",0.3241
"Residual-gated hybrid",0.3323
"Residual-gated hybrid",0.1087
"Residual-gated hybrid",0.1181
"Residual-gated hybrid",6.6011
"Residual-gated hybrid",0.0715
"Residual-gated hybrid",0.1513
"Residual-gated hybrid",4.1048
"Residual-gated hybrid",10.3143
"Residual-gated hybrid",29.3934
"Residual-gated hybrid",0.0158
"Residual-gated hybrid",1.3109
"Residual-gated hybrid",37.1116
"Residual-gated hybrid",0.1872
"Residual-gated hybrid",0.9516
"Residual-gated hybrid",3.5958
"Residual-gated hybrid",0.6428
"Residual-gated hybrid",0.3296
"Residual-gated hybrid",0.6521
"Residual-gated hybrid",0.1509
"Residual-gated hybrid",0.1369
"Residual-gated hybrid",0.2871
"Residual-gated hybrid",0.2861
"Residual-gated hybrid",2.4291
"Residual-gated hybrid",2.8737
"Residual-gated hybrid",2.2421
"Residual-gated hybrid",0.3105
"Residual-gated hybrid",0.1513
"Residual-gated hybrid",0.2970
"Residual-gated hybrid",0.1538
"Residual-gated hybrid",0.9208
"Residual-gated hybrid",1.4484
"Residual-gated hybrid",3.3582
"Residual-gated hybrid",0.1667
"Residual-gated hybrid",10.5956
"Residual-gated hybrid",4.9374
"Residual-gated hybrid",6.8626
"Residual-gated hybrid",0.1328
"Residual-gated hybrid",0.2295
"Residual-gated hybrid",0.3792
"Residual-gated hybrid",0.5322
"Residual-gated hybrid",27.6205
"Residual-gated hybrid",0.3744
"Residual-gated hybrid",3.7248
"Residual-gated hybrid",0.1778
"Residual-gated hybrid",0.3673
"Residual-gated hybrid",1.9788
"Residual-gated hybrid",0.5748
"Residual-gated hybrid",5.5225
"Residual-gated hybrid",6.4557
"Residual-gated hybrid",0.2114
"Residual-gated hybrid",0.4592
"Residual-gated hybrid",0.3108
"Residual-gated hybrid",3.1393
"Residual-gated hybrid",6.0342
"Residual-gated hybrid",0.2565
"Residual-gated hybrid",3.3486
"Residual-gated hybrid",0.1723
"Residual-gated hybrid",11.4665
"Residual-gated hybrid",0.2578
"Residual-gated hybrid",0.4529
"Residual-gated hybrid",0.0895
"Residual-gated hybrid",0.2981
"Residual-gated hybrid",0.6053
"Residual-gated hybrid",0.1873
"Residual-gated hybrid",0.4746
"Residual-gated hybrid",7.1059
"Residual-gated hybrid",0.2033
"Residual-gated hybrid",0.2335
"Residual-gated hybrid",1.1762
"Residual-gated hybrid",16.4238
"Residual-gated hybrid",1.4098
"Residual-gated hybrid",3.6800
"Residual-gated hybrid",0.2938
"Residual-gated hybrid",15.5790
"Residual-gated hybrid",11.7769
"Residual-gated hybrid",0.8105
"Residual-gated hybrid",3.1176
"Residual-gated hybrid",3.5167
"Residual-gated hybrid",18.6494
"Residual-gated hybrid",3.4136
"Residual-gated hybrid",0.5307
"Residual-gated hybrid",0.0950
"Residual-gated hybrid",7.9382
"Residual-gated hybrid",0.2011
"Residual-gated hybrid",2.0438
"Residual-gated hybrid",0.0593
"Residual-gated hybrid",0.1647
"Residual-gated hybrid",1.1957
"Residual-gated hybrid",9.8272
"Residual-gated hybrid",0.1637
"Residual-gated hybrid",12.8355
"Residual-gated hybrid",0.8097
"Residual-gated hybrid",0.1980
"Residual-gated hybrid",0.3674
"Residual-gated hybrid",4.4694
"Residual-gated hybrid",0.1890
"Residual-gated hybrid",8.4246
"Residual-gated hybrid",3.2900
"Residual-gated hybrid",0.3690
"Residual-gated hybrid",1.1492
"Residual-gated hybrid",0.1997
"Residual-gated hybrid",0.1948
"Residual-gated hybrid",0.8521
"Residual-gated hybrid",2.2673
"Residual-gated hybrid",1.0497
"Residual-gated hybrid",5.1550
"Residual-gated hybrid",0.1121
"Residual-gated hybrid",0.2222
"Residual-gated hybrid",6.1449
"Residual-gated hybrid",0.1263
"Residual-gated hybrid",3.1876
