file,segment,samples,nmse_naive,nmse_wiener,nmse_rls
cf02,10,511,0.020208,0.007935,0.004860
cf02,12,760,0.052063,0.015464,0.008551
cf02,14,590,0.025674,0.014967,0.011746
cf02,15,680,0.003829,0.004150,0.003467
cf02,18,640,0.059942,0.019088,0.012452
cf02,19,500,0.036441,0.015362,0.005783
cf02,21,1769,0.018701,0.004899,0.004019
cf02,22,2431,0.027987,0.007936,0.007399
cf03,9,821,0.066932,0.069156,0.062136
cf03,14,720,0.038378,0.021728,0.018822
cf03,15,1121,0.030227,0.024502,0.021122
cf03,17,1691,0.039412,0.020340,0.018452
cf03,18,811,0.057686,0.064352,0.040704
cf03,27,2101,0.058520,0.007479,0.006415
cf03,28,1710,0.048525,0.011254,0.007334
cf04,0,580,0.206452,0.274472,0.175814
cf04,12,1220,0.046655,0.012388,0.010550
cf04,14,741,0.023902,0.014017,0.009155
cf04,15,750,0.035829,0.019652,0.010352
cf04,16,1980,0.017910,0.004203,0.003657
cf04,17,691,0.028343,0.006501,0.004280
cf04,18,2110,0.030040,0.005980,0.004068
cf04,19,1070,0.010657,0.008090,0.002835
cf04,20,2240,0.019076,0.004089,0.002969
cf04,22,941,0.027864,0.013164,0.004532
cf04,23,571,0.021615,0.015162,0.008605
cf04,24,1171,0.015130,0.008452,0.005365
cf04,26,781,0.041277,0.024098,0.006298
cf04,29,2050,0.058501,0.010734,0.008427
cf04,30,4090,0.041301,0.018199,0.006164
cf04,32,578,0.015888,0.008126,0.006544
cf04,33,561,0.020621,0.011590,0.007899
cf04,34,2041,0.036092,0.014455,0.010575
cf04,36,1221,0.056680,0.027864,0.006456
cf04,37,2059,0.035425,0.006738,0.005317
cf04,38,2011,0.067737,0.009730,0.006864
cf04,42,500,0.022849,0.007924,0.003929
cf04,43,1328,0.048785,0.015786,0.012975
